Timestamp,Machine_ID,Power_Consumption_kW,Machine_Status,Alarm_Code
24/1/24 0:00,Machine_1,169.1,Running,None
24/1/24 0:00,Machine_2,152.77,Running,None
24/1/24 0:00,Machine_3,146,Running,None
24/1/24 0:00,Machine_4,119.34,Running,None
24/1/24 0:00,Machine_5,174.82,Running,None
24/1/24 0:00,Machine_6,138.22,Idle,None
24/1/24 0:00,Machine_7,174.28,Idle,None
24/1/24 0:00,Machine_8,120.43,Running,None
24/1/24 0:00,Machine_9,110.49,Error,Low Pressure
24/1/24 0:00,Machine_10,196.06,Running,None
24/1/24 0:15,Machine_1,140.28,Running,None
24/1/24 0:15,Machine_2,107.5,Running,None
24/1/24 0:15,Machine_3,153.38,Running,None
24/1/24 0:15,Machine_4,183.75,Error,Low Pressure
24/1/24 0:15,Machine_5,184.18,Running,Low Pressure
24/1/24 0:15,Machine_6,132.48,Running,None
24/1/24 0:15,Machine_7,151.73,Running,Vibration High
24/1/24 0:15,Machine_8,133.77,Running,None
24/1/24 0:15,Machine_9,165.49,Running,Vibration High
24/1/24 0:15,Machine_10,125.33,Running,None
24/1/24 0:30,Machine_1,169.51,Running,None
24/1/24 0:30,Machine_2,167.94,Idle,None
24/1/24 0:30,Machine_3,138.19,Running,None
24/1/24 0:30,Machine_4,189.13,Running,None
24/1/24 0:30,Machine_5,158.4,Idle,None
24/1/24 0:30,Machine_6,133.92,Error,Vibration High
24/1/24 0:30,Machine_7,197.44,Running,None
24/1/24 0:30,Machine_8,190.91,Running,None
24/1/24 0:30,Machine_9,174.61,Running,None
24/1/24 0:30,Machine_10,101.72,Running,None
24/1/24 0:45,Machine_1,142.42,Running,None
24/1/24 0:45,Machine_2,175.66,Running,None
24/1/24 0:45,Machine_3,117.23,Running,None
24/1/24 0:45,Machine_4,141.72,Running,None
24/1/24 0:45,Machine_5,151.7,Running,None
24/1/24 0:45,Machine_6,128.25,Running,None
24/1/24 0:45,Machine_7,114.29,Idle,None
24/1/24 0:45,Machine_8,125.99,Running,None
24/1/24 0:45,Machine_9,116.01,Running,None
24/1/24 0:45,Machine_10,159.41,Running,None
24/1/24 1:00,Machine_1,159.33,Running,None
24/1/24 1:00,Machine_2,148.57,Running,None
24/1/24 1:00,Machine_3,142.59,Running,None
24/1/24 1:00,Machine_4,164.46,Running,None
24/1/24 1:00,Machine_5,130.96,Running,None
24/1/24 1:00,Machine_6,198.45,Running,None
24/1/24 1:00,Machine_7,152.39,Running,None
24/1/24 1:00,Machine_8,155.77,Running,None
24/1/24 1:00,Machine_9,153.01,Idle,None
24/1/24 1:00,Machine_10,197.71,Running,None
24/1/24 1:15,Machine_1,136,Running,None
24/1/24 1:15,Machine_2,166.17,Running,None
24/1/24 1:15,Machine_3,122.77,Error,Low Pressure
24/1/24 1:15,Machine_4,101.07,Running,None
24/1/24 1:15,Machine_5,115.7,Running,None
24/1/24 1:15,Machine_6,181.17,Running,None
24/1/24 1:15,Machine_7,188.4,Running,None
24/1/24 1:15,Machine_8,162.93,Running,None
24/1/24 1:15,Machine_9,182.05,Running,None
24/1/24 1:15,Machine_10,114.67,Running,None
24/1/24 1:30,Machine_1,135.82,Running,Vibration High
24/1/24 1:30,Machine_2,106.8,Running,None
24/1/24 1:30,Machine_3,186.2,Idle,None
24/1/24 1:30,Machine_4,138.12,Idle,None
24/1/24 1:30,Machine_5,185.99,Error,Vibration High
24/1/24 1:30,Machine_6,189.09,Running,None
24/1/24 1:30,Machine_7,192.27,Running,None
24/1/24 1:30,Machine_8,180.73,Running,None
24/1/24 1:30,Machine_9,180.07,Running,None
24/1/24 1:30,Machine_10,198.45,Idle,None
24/1/24 1:45,Machine_1,187,Running,None
24/1/24 1:45,Machine_2,132.9,Running,None
24/1/24 1:45,Machine_3,178.27,Running,Low Pressure
24/1/24 1:45,Machine_4,116.42,Running,None
24/1/24 1:45,Machine_5,120.66,Running,Low Pressure
24/1/24 1:45,Machine_6,192.54,Running,None
24/1/24 1:45,Machine_7,101.28,Running,None
24/1/24 1:45,Machine_8,121.81,Running,None
24/1/24 1:45,Machine_9,124.77,Idle,None
24/1/24 1:45,Machine_10,141.92,Running,None
24/1/24 2:00,Machine_1,118.1,Running,None
24/1/24 2:00,Machine_2,113.2,Running,None
24/1/24 2:00,Machine_3,139.96,Running,None
24/1/24 2:00,Machine_4,144.72,Running,None
24/1/24 2:00,Machine_5,190.06,Running,None
24/1/24 2:00,Machine_6,186.19,Running,None
24/1/24 2:00,Machine_7,105.12,Running,None
24/1/24 2:00,Machine_8,124.03,Error,Vibration High
24/1/24 2:00,Machine_9,136.27,Idle,None
24/1/24 2:00,Machine_10,110.4,Running,Low Pressure
24/1/24 2:15,Machine_1,138.4,Running,None
24/1/24 2:15,Machine_2,171.57,Idle,None
24/1/24 2:15,Machine_3,110.82,Running,None
24/1/24 2:15,Machine_4,163.02,Running,None
24/1/24 2:15,Machine_5,130.82,Running,None
24/1/24 2:15,Machine_6,173.37,Running,Overheat
24/1/24 2:15,Machine_7,140.03,Running,None
24/1/24 2:15,Machine_8,100.47,Running,None
24/1/24 2:15,Machine_9,118.26,Running,None
24/1/24 2:15,Machine_10,186.84,Running,Low Pressure
24/1/24 2:30,Machine_1,151.7,Running,None
24/1/24 2:30,Machine_2,142.79,Running,None
24/1/24 2:30,Machine_3,145.57,Running,None
24/1/24 2:30,Machine_4,130.1,Idle,None
24/1/24 2:30,Machine_5,106.67,Running,None
24/1/24 2:30,Machine_6,107.59,Running,None
24/1/24 2:30,Machine_7,168.71,Running,None
24/1/24 2:30,Machine_8,157.57,Running,None
24/1/24 2:30,Machine_9,145.51,Running,None
24/1/24 2:30,Machine_10,147.99,Running,None
24/1/24 2:45,Machine_1,118.03,Running,None
24/1/24 2:45,Machine_2,115.97,Running,None
24/1/24 2:45,Machine_3,113.82,Running,None
24/1/24 2:45,Machine_4,102.07,Idle,None
24/1/24 2:45,Machine_5,122.55,Running,Vibration High
24/1/24 2:45,Machine_6,137.58,Running,None
24/1/24 2:45,Machine_7,147.24,Running,None
24/1/24 2:45,Machine_8,172.67,Running,None
24/1/24 2:45,Machine_9,172.9,Running,None
24/1/24 2:45,Machine_10,169.62,Running,None
24/1/24 3:00,Machine_1,103.67,Running,None
24/1/24 3:00,Machine_2,167.62,Running,None
24/1/24 3:00,Machine_3,151.46,Running,None
24/1/24 3:00,Machine_4,165.72,Running,None
24/1/24 3:00,Machine_5,137.42,Running,None
24/1/24 3:00,Machine_6,124.49,Running,None
24/1/24 3:00,Machine_7,143.03,Running,None
24/1/24 3:00,Machine_8,119.56,Running,None
24/1/24 3:00,Machine_9,186.85,Running,None
24/1/24 3:00,Machine_10,129.33,Running,None
24/1/24 3:15,Machine_1,107.48,Running,None
24/1/24 3:15,Machine_2,195.43,Running,None
24/1/24 3:15,Machine_3,171.24,Running,Low Pressure
24/1/24 3:15,Machine_4,139.48,Running,None
24/1/24 3:15,Machine_5,121.26,Running,None
24/1/24 3:15,Machine_6,169.85,Running,None
24/1/24 3:15,Machine_7,155.52,Running,None
24/1/24 3:15,Machine_8,199.52,Running,None
24/1/24 3:15,Machine_9,104.41,Running,None
24/1/24 3:15,Machine_10,110.52,Idle,None
24/1/24 3:30,Machine_1,108.31,Running,None
24/1/24 3:30,Machine_2,194.79,Running,None
24/1/24 3:30,Machine_3,183.39,Running,None
24/1/24 3:30,Machine_4,107.67,Running,None
24/1/24 3:30,Machine_5,165.27,Running,None
24/1/24 3:30,Machine_6,103.98,Running,None
24/1/24 3:30,Machine_7,151.72,Running,None
24/1/24 3:30,Machine_8,116.97,Running,None
24/1/24 3:30,Machine_9,181.29,Running,None
24/1/24 3:30,Machine_10,188.69,Running,None
24/1/24 3:45,Machine_1,169.52,Running,None
24/1/24 3:45,Machine_2,151.66,Idle,None
24/1/24 3:45,Machine_3,156.77,Running,None
24/1/24 3:45,Machine_4,136.06,Running,None
24/1/24 3:45,Machine_5,107.96,Running,None
24/1/24 3:45,Machine_6,167.64,Running,Low Pressure
24/1/24 3:45,Machine_7,186.36,Running,None
24/1/24 3:45,Machine_8,198.65,Running,None
24/1/24 3:45,Machine_9,151,Running,None
24/1/24 3:45,Machine_10,178.02,Running,None
24/1/24 4:00,Machine_1,144.29,Running,None
24/1/24 4:00,Machine_2,191.1,Running,None
24/1/24 4:00,Machine_3,120.45,Running,None
24/1/24 4:00,Machine_4,119.13,Running,None
24/1/24 4:00,Machine_5,157.64,Running,None
24/1/24 4:00,Machine_6,150.37,Running,None
24/1/24 4:00,Machine_7,162.03,Running,None
24/1/24 4:00,Machine_8,151.67,Running,None
24/1/24 4:00,Machine_9,110.44,Running,None
24/1/24 4:00,Machine_10,157.85,Running,None
24/1/24 4:15,Machine_1,132.12,Running,None
24/1/24 4:15,Machine_2,142.48,Running,Overheat
24/1/24 4:15,Machine_3,162.75,Running,None
24/1/24 4:15,Machine_4,104.2,Idle,None
24/1/24 4:15,Machine_5,195.02,Running,Low Pressure
24/1/24 4:15,Machine_6,143.22,Running,None
24/1/24 4:15,Machine_7,102.67,Idle,None
24/1/24 4:15,Machine_8,128.67,Running,None
24/1/24 4:15,Machine_9,183.67,Running,None
24/1/24 4:15,Machine_10,192.29,Idle,None
24/1/24 4:30,Machine_1,137.51,Running,None
24/1/24 4:30,Machine_2,136.65,Error,Vibration High
24/1/24 4:30,Machine_3,190.96,Running,None
24/1/24 4:30,Machine_4,196.65,Running,None
24/1/24 4:30,Machine_5,118.84,Idle,None
24/1/24 4:30,Machine_6,155.61,Running,None
24/1/24 4:30,Machine_7,173.06,Running,None
24/1/24 4:30,Machine_8,156.57,Running,None
24/1/24 4:30,Machine_9,150.46,Running,None
24/1/24 4:30,Machine_10,118.44,Running,None
24/1/24 4:45,Machine_1,125.5,Running,None
24/1/24 4:45,Machine_2,173.13,Running,None
24/1/24 4:45,Machine_3,181.59,Running,None
24/1/24 4:45,Machine_4,148.89,Error,Vibration High
24/1/24 4:45,Machine_5,131.15,Running,None
24/1/24 4:45,Machine_6,187.38,Running,None
24/1/24 4:45,Machine_7,175.09,Running,None
24/1/24 4:45,Machine_8,198.56,Error,Vibration High
24/1/24 4:45,Machine_9,101.84,Running,None
24/1/24 4:45,Machine_10,107.15,Error,Low Pressure
24/1/24 5:00,Machine_1,175.52,Running,None
24/1/24 5:00,Machine_2,133.42,Running,Overheat
24/1/24 5:00,Machine_3,188.58,Running,None
24/1/24 5:00,Machine_4,129.56,Idle,None
24/1/24 5:00,Machine_5,190.15,Idle,None
24/1/24 5:00,Machine_6,171.61,Error,Vibration High
24/1/24 5:00,Machine_7,105.96,Running,None
24/1/24 5:00,Machine_8,106.75,Running,None
24/1/24 5:00,Machine_9,175.21,Running,Low Pressure
24/1/24 5:00,Machine_10,110.37,Running,None
24/1/24 5:15,Machine_1,139.01,Idle,None
24/1/24 5:15,Machine_2,117.46,Running,Low Pressure
24/1/24 5:15,Machine_3,120.89,Running,None
24/1/24 5:15,Machine_4,186.06,Running,None
24/1/24 5:15,Machine_5,110.62,Running,Vibration High
24/1/24 5:15,Machine_6,199.75,Running,None
24/1/24 5:15,Machine_7,146.1,Running,None
24/1/24 5:15,Machine_8,141.37,Running,None
24/1/24 5:15,Machine_9,126.03,Running,None
24/1/24 5:15,Machine_10,126.54,Idle,None
24/1/24 5:30,Machine_1,192.9,Running,None
24/1/24 5:30,Machine_2,102.62,Running,None
24/1/24 5:30,Machine_3,114.78,Running,None
24/1/24 5:30,Machine_4,170.01,Running,None
24/1/24 5:30,Machine_5,133.99,Running,None
24/1/24 5:30,Machine_6,153.72,Running,None
24/1/24 5:30,Machine_7,151.34,Running,None
24/1/24 5:30,Machine_8,165.46,Running,None
24/1/24 5:30,Machine_9,151.42,Running,None
24/1/24 5:30,Machine_10,149.49,Running,None
24/1/24 5:45,Machine_1,177.89,Running,None
24/1/24 5:45,Machine_2,128.59,Running,None
24/1/24 5:45,Machine_3,132.95,Running,Overheat
24/1/24 5:45,Machine_4,130.8,Running,None
24/1/24 5:45,Machine_5,194.82,Idle,None
24/1/24 5:45,Machine_6,191.33,Running,None
24/1/24 5:45,Machine_7,160.59,Running,None
24/1/24 5:45,Machine_8,173.97,Running,None
24/1/24 5:45,Machine_9,136.42,Running,None
24/1/24 5:45,Machine_10,188.31,Running,None
24/1/24 6:00,Machine_1,162.39,Running,Overheat
24/1/24 6:00,Machine_2,136.64,Running,None
24/1/24 6:00,Machine_3,158.27,Running,None
24/1/24 6:00,Machine_4,145.27,Running,None
24/1/24 6:00,Machine_5,124.42,Running,None
24/1/24 6:00,Machine_6,119.91,Running,None
24/1/24 6:00,Machine_7,151.6,Running,None
24/1/24 6:00,Machine_8,196.78,Running,None
24/1/24 6:00,Machine_9,115.54,Running,Low Pressure
24/1/24 6:00,Machine_10,169.1,Idle,None
24/1/24 6:15,Machine_1,162.09,Running,None
24/1/24 6:15,Machine_2,141.19,Idle,None
24/1/24 6:15,Machine_3,106.43,Running,None
24/1/24 6:15,Machine_4,105.46,Running,None
24/1/24 6:15,Machine_5,177.88,Running,None
24/1/24 6:15,Machine_6,152.06,Running,None
24/1/24 6:15,Machine_7,140.77,Running,None
24/1/24 6:15,Machine_8,120.82,Running,None
24/1/24 6:15,Machine_9,135.38,Running,None
24/1/24 6:15,Machine_10,161.87,Running,None
24/1/24 6:30,Machine_1,191,Running,None
24/1/24 6:30,Machine_2,152.33,Running,None
24/1/24 6:30,Machine_3,168.89,Running,None
24/1/24 6:30,Machine_4,115.86,Error,Low Pressure
24/1/24 6:30,Machine_5,159.98,Idle,None
24/1/24 6:30,Machine_6,156.44,Idle,None
24/1/24 6:30,Machine_7,187.13,Error,Low Pressure
24/1/24 6:30,Machine_8,179.95,Running,None
24/1/24 6:30,Machine_9,140.21,Running,None
24/1/24 6:30,Machine_10,164.9,Running,None
24/1/24 6:45,Machine_1,112.21,Running,None
24/1/24 6:45,Machine_2,114.94,Running,None
24/1/24 6:45,Machine_3,160.9,Running,None
24/1/24 6:45,Machine_4,114.71,Running,None
24/1/24 6:45,Machine_5,146.31,Running,None
24/1/24 6:45,Machine_6,129.49,Error,Low Pressure
24/1/24 6:45,Machine_7,173.46,Running,None
24/1/24 6:45,Machine_8,159.85,Running,None
24/1/24 6:45,Machine_9,193.5,Running,None
24/1/24 6:45,Machine_10,105.14,Running,None
24/1/24 7:00,Machine_1,160.97,Error,Vibration High
24/1/24 7:00,Machine_2,150.74,Running,None
24/1/24 7:00,Machine_3,182.27,Running,None
24/1/24 7:00,Machine_4,143.09,Running,None
24/1/24 7:00,Machine_5,181.73,Idle,None
24/1/24 7:00,Machine_6,185.95,Running,None
24/1/24 7:00,Machine_7,175.63,Running,Overheat
24/1/24 7:00,Machine_8,151.45,Running,None
24/1/24 7:00,Machine_9,172,Running,None
24/1/24 7:00,Machine_10,132.12,Running,Low Pressure
24/1/24 7:15,Machine_1,173.41,Error,Low Pressure
24/1/24 7:15,Machine_2,117.3,Running,None
24/1/24 7:15,Machine_3,153.97,Error,Low Pressure
24/1/24 7:15,Machine_4,103.19,Running,None
24/1/24 7:15,Machine_5,127.86,Running,None
24/1/24 7:15,Machine_6,134.37,Running,None
24/1/24 7:15,Machine_7,124.08,Running,None
24/1/24 7:15,Machine_8,101.72,Running,None
24/1/24 7:15,Machine_9,188.66,Running,None
24/1/24 7:15,Machine_10,121.29,Running,None
24/1/24 7:30,Machine_1,182.24,Running,None
24/1/24 7:30,Machine_2,135.79,Running,None
24/1/24 7:30,Machine_3,114.49,Running,None
24/1/24 7:30,Machine_4,133.29,Error,Overheat
24/1/24 7:30,Machine_5,121.83,Running,None
24/1/24 7:30,Machine_6,100.52,Running,None
24/1/24 7:30,Machine_7,172.09,Idle,None
24/1/24 7:30,Machine_8,191.38,Running,None
24/1/24 7:30,Machine_9,138.8,Running,None
24/1/24 7:30,Machine_10,116.41,Idle,None
24/1/24 7:45,Machine_1,117.57,Running,None
24/1/24 7:45,Machine_2,113.37,Running,None
24/1/24 7:45,Machine_3,179.46,Running,None
24/1/24 7:45,Machine_4,101.78,Running,None
24/1/24 7:45,Machine_5,148.81,Running,None
24/1/24 7:45,Machine_6,105.16,Running,None
24/1/24 7:45,Machine_7,128.93,Running,Vibration High
24/1/24 7:45,Machine_8,166.64,Running,None
24/1/24 7:45,Machine_9,122.66,Running,None
24/1/24 7:45,Machine_10,185.42,Idle,None
24/1/24 8:00,Machine_1,164.76,Running,Low Pressure
24/1/24 8:00,Machine_2,142.49,Running,None
24/1/24 8:00,Machine_3,144.67,Running,None
24/1/24 8:00,Machine_4,100.19,Running,None
24/1/24 8:00,Machine_5,116.4,Running,None
24/1/24 8:00,Machine_6,124.47,Idle,None
24/1/24 8:00,Machine_7,182.42,Running,None
24/1/24 8:00,Machine_8,162.41,Running,None
24/1/24 8:00,Machine_9,167.74,Running,None
24/1/24 8:00,Machine_10,102.85,Idle,None
24/1/24 8:15,Machine_1,102.29,Running,None
24/1/24 8:15,Machine_2,143.6,Idle,None
24/1/24 8:15,Machine_3,184.43,Running,Low Pressure
24/1/24 8:15,Machine_4,140.61,Running,None
24/1/24 8:15,Machine_5,109.56,Running,None
24/1/24 8:15,Machine_6,146.6,Running,None
24/1/24 8:15,Machine_7,111.91,Running,None
24/1/24 8:15,Machine_8,121.52,Running,None
24/1/24 8:15,Machine_9,177.75,Running,Low Pressure
24/1/24 8:15,Machine_10,171.54,Running,None
24/1/24 8:30,Machine_1,117.4,Running,None
24/1/24 8:30,Machine_2,109.08,Running,None
24/1/24 8:30,Machine_3,153.56,Running,Low Pressure
24/1/24 8:30,Machine_4,128.32,Running,None
24/1/24 8:30,Machine_5,199.9,Running,None
24/1/24 8:30,Machine_6,137.48,Running,None
24/1/24 8:30,Machine_7,181.57,Running,None
24/1/24 8:30,Machine_8,150.62,Running,None
24/1/24 8:30,Machine_9,175.21,Idle,None
24/1/24 8:30,Machine_10,116.18,Running,None
24/1/24 8:45,Machine_1,179.64,Running,None
24/1/24 8:45,Machine_2,162.84,Running,None
24/1/24 8:45,Machine_3,185.07,Error,Overheat
24/1/24 8:45,Machine_4,102.74,Running,None
24/1/24 8:45,Machine_5,129.92,Running,None
24/1/24 8:45,Machine_6,193.25,Running,None
24/1/24 8:45,Machine_7,152.57,Running,None
24/1/24 8:45,Machine_8,148.18,Running,None
24/1/24 8:45,Machine_9,136.8,Running,Overheat
24/1/24 8:45,Machine_10,154.61,Running,None
24/1/24 9:00,Machine_1,150.04,Running,None
24/1/24 9:00,Machine_2,196.73,Running,None
24/1/24 9:00,Machine_3,105.4,Running,None
24/1/24 9:00,Machine_4,143.41,Running,None
24/1/24 9:00,Machine_5,138.81,Running,None
24/1/24 9:00,Machine_6,145.13,Running,None
24/1/24 9:00,Machine_7,184.03,Running,None
24/1/24 9:00,Machine_8,195.5,Running,None
24/1/24 9:00,Machine_9,101,Running,None
24/1/24 9:00,Machine_10,103.61,Running,None
24/1/24 9:15,Machine_1,119.77,Running,Overheat
24/1/24 9:15,Machine_2,103.24,Running,None
24/1/24 9:15,Machine_3,170.21,Running,None
24/1/24 9:15,Machine_4,104.93,Running,None
24/1/24 9:15,Machine_5,124.47,Running,None
24/1/24 9:15,Machine_6,181.15,Running,None
24/1/24 9:15,Machine_7,136.38,Running,None
24/1/24 9:15,Machine_8,186.39,Running,Low Pressure
24/1/24 9:15,Machine_9,169.75,Running,None
24/1/24 9:15,Machine_10,164,Running,None
24/1/24 9:30,Machine_1,140.13,Error,Vibration High
24/1/24 9:30,Machine_2,117.55,Running,None
24/1/24 9:30,Machine_3,103.76,Running,Low Pressure
24/1/24 9:30,Machine_4,121.51,Running,None
24/1/24 9:30,Machine_5,146.93,Running,None
24/1/24 9:30,Machine_6,177.42,Running,None
24/1/24 9:30,Machine_7,134.42,Running,None
24/1/24 9:30,Machine_8,154.63,Running,None
24/1/24 9:30,Machine_9,123.27,Running,Low Pressure
24/1/24 9:30,Machine_10,189.69,Running,None
24/1/24 9:45,Machine_1,129.6,Running,None
24/1/24 9:45,Machine_2,105.16,Running,None
24/1/24 9:45,Machine_3,120.73,Idle,None
24/1/24 9:45,Machine_4,176.39,Running,None
24/1/24 9:45,Machine_5,161.6,Idle,None
24/1/24 9:45,Machine_6,170.39,Running,None
24/1/24 9:45,Machine_7,149.18,Running,None
24/1/24 9:45,Machine_8,187.5,Running,None
24/1/24 9:45,Machine_9,100.36,Running,None
24/1/24 9:45,Machine_10,185.89,Running,None
24/1/24 10:00,Machine_1,105.69,Running,None
24/1/24 10:00,Machine_2,188.65,Running,None
24/1/24 10:00,Machine_3,151,Running,None
24/1/24 10:00,Machine_4,100.13,Running,None
24/1/24 10:00,Machine_5,176.29,Running,None
24/1/24 10:00,Machine_6,190.47,Running,None
24/1/24 10:00,Machine_7,176.89,Running,None
24/1/24 10:00,Machine_8,163.66,Idle,None
24/1/24 10:00,Machine_9,121.46,Running,None
24/1/24 10:00,Machine_10,178.74,Running,None
24/1/24 10:15,Machine_1,126.42,Running,None
24/1/24 10:15,Machine_2,177.85,Running,Low Pressure
24/1/24 10:15,Machine_3,155.56,Running,None
24/1/24 10:15,Machine_4,162.81,Idle,None
24/1/24 10:15,Machine_5,175.87,Running,Low Pressure
24/1/24 10:15,Machine_6,115.79,Running,None
24/1/24 10:15,Machine_7,180.48,Running,None
24/1/24 10:15,Machine_8,127.77,Running,None
24/1/24 10:15,Machine_9,101.03,Running,None
24/1/24 10:15,Machine_10,104.06,Running,None
24/1/24 10:30,Machine_1,169.74,Idle,None
24/1/24 10:30,Machine_2,100.66,Running,None
24/1/24 10:30,Machine_3,146.18,Running,None
24/1/24 10:30,Machine_4,110.15,Running,None
24/1/24 10:30,Machine_5,131.61,Running,None
24/1/24 10:30,Machine_6,161.38,Running,None
24/1/24 10:30,Machine_7,172.72,Running,None
24/1/24 10:30,Machine_8,135.36,Running,None
24/1/24 10:30,Machine_9,134.9,Running,None
24/1/24 10:30,Machine_10,196.81,Running,None
24/1/24 10:45,Machine_1,196.17,Idle,None
24/1/24 10:45,Machine_2,190.15,Running,None
24/1/24 10:45,Machine_3,104.92,Running,Vibration High
24/1/24 10:45,Machine_4,137.89,Running,Vibration High
24/1/24 10:45,Machine_5,160.25,Idle,None
24/1/24 10:45,Machine_6,113.74,Running,None
24/1/24 10:45,Machine_7,187.33,Running,None
24/1/24 10:45,Machine_8,100.34,Running,None
24/1/24 10:45,Machine_9,179.55,Running,Low Pressure
24/1/24 10:45,Machine_10,130.04,Running,None
24/1/24 11:00,Machine_1,117.83,Running,None
24/1/24 11:00,Machine_2,189.81,Running,None
24/1/24 11:00,Machine_3,153.45,Running,None
24/1/24 11:00,Machine_4,113.16,Running,None
24/1/24 11:00,Machine_5,109.57,Running,None
24/1/24 11:00,Machine_6,185.21,Running,None
24/1/24 11:00,Machine_7,171.68,Running,None
24/1/24 11:00,Machine_8,172.01,Running,None
24/1/24 11:00,Machine_9,167.26,Running,None
24/1/24 11:00,Machine_10,148.88,Running,None
24/1/24 11:15,Machine_1,184.81,Running,None
24/1/24 11:15,Machine_2,112.47,Running,None
24/1/24 11:15,Machine_3,104.79,Running,None
24/1/24 11:15,Machine_4,198.44,Running,None
24/1/24 11:15,Machine_5,170.93,Running,None
24/1/24 11:15,Machine_6,112.92,Running,None
24/1/24 11:15,Machine_7,116.73,Running,None
24/1/24 11:15,Machine_8,173.32,Idle,None
24/1/24 11:15,Machine_9,162.84,Running,None
24/1/24 11:15,Machine_10,176.06,Running,None
24/1/24 11:30,Machine_1,105.33,Running,None
24/1/24 11:30,Machine_2,121.32,Running,None
24/1/24 11:30,Machine_3,164.9,Running,None
24/1/24 11:30,Machine_4,193.05,Running,None
24/1/24 11:30,Machine_5,190.11,Running,None
24/1/24 11:30,Machine_6,189.09,Running,None
24/1/24 11:30,Machine_7,176.68,Error,Low Pressure
24/1/24 11:30,Machine_8,174.46,Running,None
24/1/24 11:30,Machine_9,187.59,Running,None
24/1/24 11:30,Machine_10,140.55,Idle,None
24/1/24 11:45,Machine_1,115.47,Running,None
24/1/24 11:45,Machine_2,151.91,Running,None
24/1/24 11:45,Machine_3,134.68,Running,Vibration High
24/1/24 11:45,Machine_4,177.99,Running,None
24/1/24 11:45,Machine_5,190.79,Running,None
24/1/24 11:45,Machine_6,122.44,Running,None
24/1/24 11:45,Machine_7,178.63,Running,None
24/1/24 11:45,Machine_8,139.7,Running,None
24/1/24 11:45,Machine_9,120.76,Running,None
24/1/24 11:45,Machine_10,167.31,Running,None
24/1/24 12:00,Machine_1,122.7,Running,None
24/1/24 12:00,Machine_2,191.53,Idle,None
24/1/24 12:00,Machine_3,169.21,Running,None
24/1/24 12:00,Machine_4,187.16,Running,None
24/1/24 12:00,Machine_5,128.76,Running,None
24/1/24 12:00,Machine_6,109.99,Error,Overheat
24/1/24 12:00,Machine_7,163.49,Running,None
24/1/24 12:00,Machine_8,184.57,Error,Vibration High
24/1/24 12:00,Machine_9,172.55,Idle,None
24/1/24 12:00,Machine_10,164.84,Running,None
24/1/24 12:15,Machine_1,174.69,Running,None
24/1/24 12:15,Machine_2,178.25,Running,None
24/1/24 12:15,Machine_3,131.46,Running,None
24/1/24 12:15,Machine_4,123.35,Running,None
24/1/24 12:15,Machine_5,194.68,Running,None
24/1/24 12:15,Machine_6,173.77,Running,None
24/1/24 12:15,Machine_7,133.32,Running,None
24/1/24 12:15,Machine_8,109.67,Running,None
24/1/24 12:15,Machine_9,117.83,Running,None
24/1/24 12:15,Machine_10,122.3,Running,None
24/1/24 12:30,Machine_1,165.15,Running,None
24/1/24 12:30,Machine_2,195.83,Running,None
24/1/24 12:30,Machine_3,103.83,Running,None
24/1/24 12:30,Machine_4,186.74,Running,None
24/1/24 12:30,Machine_5,119.11,Idle,None
24/1/24 12:30,Machine_6,164.42,Running,None
24/1/24 12:30,Machine_7,197.35,Running,None
24/1/24 12:30,Machine_8,132.52,Running,None
24/1/24 12:30,Machine_9,145.45,Running,Overheat
24/1/24 12:30,Machine_10,155.91,Running,Low Pressure
24/1/24 12:45,Machine_1,123.28,Running,None
24/1/24 12:45,Machine_2,140.6,Idle,None
24/1/24 12:45,Machine_3,141.55,Running,None
24/1/24 12:45,Machine_4,162.93,Running,None
24/1/24 12:45,Machine_5,163.36,Running,None
24/1/24 12:45,Machine_6,108.15,Running,None
24/1/24 12:45,Machine_7,138.39,Running,None
24/1/24 12:45,Machine_8,184.35,Running,None
24/1/24 12:45,Machine_9,125.47,Running,None
24/1/24 12:45,Machine_10,191.11,Running,None
24/1/24 13:00,Machine_1,136.09,Idle,None
24/1/24 13:00,Machine_2,115.11,Running,None
24/1/24 13:00,Machine_3,110.83,Running,None
24/1/24 13:00,Machine_4,189.12,Running,None
24/1/24 13:00,Machine_5,127.42,Running,None
24/1/24 13:00,Machine_6,118.42,Error,Overheat
24/1/24 13:00,Machine_7,195.26,Running,None
24/1/24 13:00,Machine_8,184.33,Running,None
24/1/24 13:00,Machine_9,189.4,Running,None
24/1/24 13:00,Machine_10,109.9,Running,None
24/1/24 13:15,Machine_1,180.89,Running,None
24/1/24 13:15,Machine_2,171.76,Running,None
24/1/24 13:15,Machine_3,143.9,Idle,None
24/1/24 13:15,Machine_4,123.21,Error,Low Pressure
24/1/24 13:15,Machine_5,166.06,Error,Vibration High
24/1/24 13:15,Machine_6,185.22,Idle,None
24/1/24 13:15,Machine_7,139.8,Running,None
24/1/24 13:15,Machine_8,146.19,Running,Overheat
24/1/24 13:15,Machine_9,126.25,Running,None
24/1/24 13:15,Machine_10,114.96,Running,None
24/1/24 13:30,Machine_1,173.94,Error,Overheat
24/1/24 13:30,Machine_2,128.24,Error,Low Pressure
24/1/24 13:30,Machine_3,146.88,Running,None
24/1/24 13:30,Machine_4,188.79,Running,None
24/1/24 13:30,Machine_5,191.14,Running,None
24/1/24 13:30,Machine_6,141.7,Idle,None
24/1/24 13:30,Machine_7,103.63,Running,None
24/1/24 13:30,Machine_8,198.23,Idle,None
24/1/24 13:30,Machine_9,138.87,Running,Low Pressure
24/1/24 13:30,Machine_10,143.71,Error,Overheat
24/1/24 13:45,Machine_1,152.04,Running,None
24/1/24 13:45,Machine_2,136.61,Running,None
24/1/24 13:45,Machine_3,190.76,Running,Low Pressure
24/1/24 13:45,Machine_4,134.84,Running,None
24/1/24 13:45,Machine_5,188.78,Running,None
24/1/24 13:45,Machine_6,156.7,Running,None
24/1/24 13:45,Machine_7,195.35,Running,None
24/1/24 13:45,Machine_8,185.78,Running,None
24/1/24 13:45,Machine_9,128.92,Running,None
24/1/24 13:45,Machine_10,128.06,Running,None
24/1/24 14:00,Machine_1,185.07,Error,Overheat
24/1/24 14:00,Machine_2,175.95,Running,None
24/1/24 14:00,Machine_3,161.36,Running,None
24/1/24 14:00,Machine_4,133,Running,Low Pressure
24/1/24 14:00,Machine_5,185.43,Running,None
24/1/24 14:00,Machine_6,135.05,Running,None
24/1/24 14:00,Machine_7,167.79,Running,None
24/1/24 14:00,Machine_8,162.53,Error,Low Pressure
24/1/24 14:00,Machine_9,176.6,Running,None
24/1/24 14:00,Machine_10,146.17,Running,None
24/1/24 14:15,Machine_1,139,Running,None
24/1/24 14:15,Machine_2,163.24,Running,None
24/1/24 14:15,Machine_3,160.4,Idle,None
24/1/24 14:15,Machine_4,174.27,Running,None
24/1/24 14:15,Machine_5,105.99,Running,None
24/1/24 14:15,Machine_6,122.72,Idle,None
24/1/24 14:15,Machine_7,112.76,Idle,None
24/1/24 14:15,Machine_8,102.57,Idle,None
24/1/24 14:15,Machine_9,108.44,Running,None
24/1/24 14:15,Machine_10,125.36,Idle,None
24/1/24 14:30,Machine_1,148.03,Running,None
24/1/24 14:30,Machine_2,130.53,Running,None
24/1/24 14:30,Machine_3,136.3,Running,None
24/1/24 14:30,Machine_4,167.67,Running,None
24/1/24 14:30,Machine_5,170.67,Running,None
24/1/24 14:30,Machine_6,166.31,Running,None
24/1/24 14:30,Machine_7,146.3,Running,None
24/1/24 14:30,Machine_8,108.88,Running,None
24/1/24 14:30,Machine_9,180.73,Running,None
24/1/24 14:30,Machine_10,106.96,Running,None
24/1/24 14:45,Machine_1,191.85,Idle,None
24/1/24 14:45,Machine_2,167.53,Running,None
24/1/24 14:45,Machine_3,145.88,Running,None
24/1/24 14:45,Machine_4,116.58,Running,None
24/1/24 14:45,Machine_5,122.13,Running,None
24/1/24 14:45,Machine_6,186.2,Running,Overheat
24/1/24 14:45,Machine_7,156.52,Running,None
24/1/24 14:45,Machine_8,178.1,Running,None
24/1/24 14:45,Machine_9,157.66,Error,Overheat
24/1/24 14:45,Machine_10,176.03,Running,Overheat
24/1/24 15:00,Machine_1,107.21,Running,None
24/1/24 15:00,Machine_2,172.06,Running,None
24/1/24 15:00,Machine_3,191.18,Running,None
24/1/24 15:00,Machine_4,141.32,Idle,None
24/1/24 15:00,Machine_5,184.88,Running,None
24/1/24 15:00,Machine_6,136.45,Running,None
24/1/24 15:00,Machine_7,176.62,Running,None
24/1/24 15:00,Machine_8,189.68,Running,None
24/1/24 15:00,Machine_9,197.68,Running,None
24/1/24 15:00,Machine_10,133.31,Running,None
24/1/24 15:15,Machine_1,156.43,Running,None
24/1/24 15:15,Machine_2,158.93,Running,None
24/1/24 15:15,Machine_3,143.88,Running,None
24/1/24 15:15,Machine_4,198.86,Error,Overheat
24/1/24 15:15,Machine_5,125.72,Running,None
24/1/24 15:15,Machine_6,199.96,Running,None
24/1/24 15:15,Machine_7,116.4,Running,None
24/1/24 15:15,Machine_8,175.05,Running,None
24/1/24 15:15,Machine_9,134.52,Running,None
24/1/24 15:15,Machine_10,183.88,Idle,None
24/1/24 15:30,Machine_1,140.16,Idle,None
24/1/24 15:30,Machine_2,158.68,Running,None
24/1/24 15:30,Machine_3,174.99,Running,None
24/1/24 15:30,Machine_4,165.04,Running,None
24/1/24 15:30,Machine_5,194.27,Running,None
24/1/24 15:30,Machine_6,194.93,Running,None
24/1/24 15:30,Machine_7,179.86,Running,None
24/1/24 15:30,Machine_8,181.21,Idle,None
24/1/24 15:30,Machine_9,178.61,Running,None
24/1/24 15:30,Machine_10,133.21,Error,Vibration High
24/1/24 15:45,Machine_1,173.38,Running,None
24/1/24 15:45,Machine_2,178.42,Running,None
24/1/24 15:45,Machine_3,136.61,Running,None
24/1/24 15:45,Machine_4,138.52,Error,Vibration High
24/1/24 15:45,Machine_5,155.73,Idle,None
24/1/24 15:45,Machine_6,142.72,Running,None
24/1/24 15:45,Machine_7,138.2,Running,None
24/1/24 15:45,Machine_8,166.93,Running,None
24/1/24 15:45,Machine_9,113.26,Running,None
24/1/24 15:45,Machine_10,187.03,Running,None
24/1/24 16:00,Machine_1,128.56,Idle,None
24/1/24 16:00,Machine_2,137.5,Running,None
24/1/24 16:00,Machine_3,194.43,Running,None
24/1/24 16:00,Machine_4,166.27,Running,None
24/1/24 16:00,Machine_5,170.92,Running,None
24/1/24 16:00,Machine_6,137.76,Running,None
24/1/24 16:00,Machine_7,104.58,Running,None
24/1/24 16:00,Machine_8,110.17,Running,None
24/1/24 16:00,Machine_9,150.89,Running,None
24/1/24 16:00,Machine_10,188.1,Running,None
24/1/24 16:15,Machine_1,171.74,Running,None
24/1/24 16:15,Machine_2,102.27,Running,None
24/1/24 16:15,Machine_3,196.96,Running,None
24/1/24 16:15,Machine_4,145.51,Running,None
24/1/24 16:15,Machine_5,145.5,Running,Overheat
24/1/24 16:15,Machine_6,158.08,Running,None
24/1/24 16:15,Machine_7,116.13,Idle,None
24/1/24 16:15,Machine_8,101.8,Running,None
24/1/24 16:15,Machine_9,184.97,Running,None
24/1/24 16:15,Machine_10,184.54,Idle,None
24/1/24 16:30,Machine_1,140.68,Idle,None
24/1/24 16:30,Machine_2,192.22,Running,None
24/1/24 16:30,Machine_3,184.08,Running,None
24/1/24 16:30,Machine_4,145.78,Running,None
24/1/24 16:30,Machine_5,190.81,Running,None
24/1/24 16:30,Machine_6,155.61,Running,None
24/1/24 16:30,Machine_7,109.67,Running,None
24/1/24 16:30,Machine_8,124.81,Running,None
24/1/24 16:30,Machine_9,125.27,Running,None
24/1/24 16:30,Machine_10,121.13,Running,None
24/1/24 16:45,Machine_1,198.06,Running,None
24/1/24 16:45,Machine_2,113.02,Running,None
24/1/24 16:45,Machine_3,100.87,Idle,None
24/1/24 16:45,Machine_4,181.15,Running,None
24/1/24 16:45,Machine_5,167.26,Running,None
24/1/24 16:45,Machine_6,121.33,Running,None
24/1/24 16:45,Machine_7,109.69,Running,None
24/1/24 16:45,Machine_8,122.05,Running,None
24/1/24 16:45,Machine_9,115.4,Error,Low Pressure
24/1/24 16:45,Machine_10,109.13,Running,None
24/1/24 17:00,Machine_1,185.74,Running,None
24/1/24 17:00,Machine_2,119.51,Running,None
24/1/24 17:00,Machine_3,103.52,Running,None
24/1/24 17:00,Machine_4,138.48,Running,None
24/1/24 17:00,Machine_5,154.73,Running,None
24/1/24 17:00,Machine_6,190.02,Running,None
24/1/24 17:00,Machine_7,151.88,Running,None
24/1/24 17:00,Machine_8,155.53,Idle,None
24/1/24 17:00,Machine_9,112.48,Running,None
24/1/24 17:00,Machine_10,123.59,Running,None
24/1/24 17:15,Machine_1,160.91,Running,None
24/1/24 17:15,Machine_2,156.12,Running,None
24/1/24 17:15,Machine_3,185.71,Idle,None
24/1/24 17:15,Machine_4,103.31,Running,Low Pressure
24/1/24 17:15,Machine_5,172.93,Running,None
24/1/24 17:15,Machine_6,114.59,Running,None
24/1/24 17:15,Machine_7,190.91,Running,None
24/1/24 17:15,Machine_8,178.54,Running,None
24/1/24 17:15,Machine_9,123.98,Idle,None
24/1/24 17:15,Machine_10,108.96,Error,Low Pressure
24/1/24 17:30,Machine_1,152.84,Running,None
24/1/24 17:30,Machine_2,159.15,Idle,None
24/1/24 17:30,Machine_3,193.96,Error,Vibration High
24/1/24 17:30,Machine_4,193.22,Running,None
24/1/24 17:30,Machine_5,162.43,Running,Low Pressure
24/1/24 17:30,Machine_6,180.85,Idle,None
24/1/24 17:30,Machine_7,153.27,Running,None
24/1/24 17:30,Machine_8,178.41,Running,None
24/1/24 17:30,Machine_9,122.06,Running,None
24/1/24 17:30,Machine_10,126.24,Running,None
24/1/24 17:45,Machine_1,192.33,Running,None
24/1/24 17:45,Machine_2,122.03,Running,None
24/1/24 17:45,Machine_3,149.25,Running,None
24/1/24 17:45,Machine_4,170.29,Running,None
24/1/24 17:45,Machine_5,110.59,Idle,None
24/1/24 17:45,Machine_6,191.79,Running,None
24/1/24 17:45,Machine_7,186.28,Running,None
24/1/24 17:45,Machine_8,100.46,Running,None
24/1/24 17:45,Machine_9,137.84,Running,None
24/1/24 17:45,Machine_10,137.44,Running,None
24/1/24 18:00,Machine_1,184.95,Running,None
24/1/24 18:00,Machine_2,123.01,Running,None
24/1/24 18:00,Machine_3,148.74,Running,None
24/1/24 18:00,Machine_4,164.77,Running,None
24/1/24 18:00,Machine_5,178.63,Running,None
24/1/24 18:00,Machine_6,171.79,Running,None
24/1/24 18:00,Machine_7,126.77,Running,None
24/1/24 18:00,Machine_8,119.42,Idle,None
24/1/24 18:00,Machine_9,140.96,Running,None
24/1/24 18:00,Machine_10,112.55,Running,None
24/1/24 18:15,Machine_1,100.74,Running,None
24/1/24 18:15,Machine_2,196.04,Running,None
24/1/24 18:15,Machine_3,159.03,Idle,None
24/1/24 18:15,Machine_4,167.22,Running,None
24/1/24 18:15,Machine_5,158.16,Running,None
24/1/24 18:15,Machine_6,102.58,Running,None
24/1/24 18:15,Machine_7,182.51,Running,None
24/1/24 18:15,Machine_8,175.81,Running,None
24/1/24 18:15,Machine_9,153.77,Running,None
24/1/24 18:15,Machine_10,184.06,Running,None
24/1/24 18:30,Machine_1,146.88,Running,None
24/1/24 18:30,Machine_2,140.42,Running,None
24/1/24 18:30,Machine_3,109.86,Error,Overheat
24/1/24 18:30,Machine_4,185.96,Running,None
24/1/24 18:30,Machine_5,128.27,Running,None
24/1/24 18:30,Machine_6,174.92,Running,None
24/1/24 18:30,Machine_7,175.3,Running,Low Pressure
24/1/24 18:30,Machine_8,182.74,Running,None
24/1/24 18:30,Machine_9,159.58,Running,None
24/1/24 18:30,Machine_10,176.57,Running,None
24/1/24 18:45,Machine_1,194.23,Running,None
24/1/24 18:45,Machine_2,191.76,Running,None
24/1/24 18:45,Machine_3,146.83,Running,None
24/1/24 18:45,Machine_4,198.4,Running,None
24/1/24 18:45,Machine_5,179.3,Running,None
24/1/24 18:45,Machine_6,131.78,Running,None
24/1/24 18:45,Machine_7,197.94,Idle,None
24/1/24 18:45,Machine_8,122.62,Running,None
24/1/24 18:45,Machine_9,106.63,Running,None
24/1/24 18:45,Machine_10,102.32,Running,None
24/1/24 19:00,Machine_1,162.82,Error,Low Pressure
24/1/24 19:00,Machine_2,140.29,Running,None
24/1/24 19:00,Machine_3,183.14,Running,None
24/1/24 19:00,Machine_4,184.65,Idle,None
24/1/24 19:00,Machine_5,196.35,Running,None
24/1/24 19:00,Machine_6,163.26,Error,Overheat
24/1/24 19:00,Machine_7,151.6,Running,None
24/1/24 19:00,Machine_8,169.93,Running,Vibration High
24/1/24 19:00,Machine_9,102.08,Running,None
24/1/24 19:00,Machine_10,154.58,Running,None
24/1/24 19:15,Machine_1,125.48,Running,None
24/1/24 19:15,Machine_2,117.02,Running,None
24/1/24 19:15,Machine_3,173.55,Running,Low Pressure
24/1/24 19:15,Machine_4,181.88,Error,Vibration High
24/1/24 19:15,Machine_5,165.35,Running,None
24/1/24 19:15,Machine_6,166.6,Running,None
24/1/24 19:15,Machine_7,128.79,Idle,None
24/1/24 19:15,Machine_8,187.19,Running,Low Pressure
24/1/24 19:15,Machine_9,160.7,Idle,None
24/1/24 19:15,Machine_10,189.1,Idle,None
24/1/24 19:30,Machine_1,150.91,Error,Vibration High
24/1/24 19:30,Machine_2,179.52,Idle,None
24/1/24 19:30,Machine_3,196.82,Running,Vibration High
24/1/24 19:30,Machine_4,186.68,Running,Low Pressure
24/1/24 19:30,Machine_5,105.17,Running,None
24/1/24 19:30,Machine_6,159.84,Running,None
24/1/24 19:30,Machine_7,170.85,Running,None
24/1/24 19:30,Machine_8,177.71,Running,None
24/1/24 19:30,Machine_9,197.84,Running,None
24/1/24 19:30,Machine_10,152.86,Running,None
24/1/24 19:45,Machine_1,114.74,Running,None
24/1/24 19:45,Machine_2,159.35,Running,None
24/1/24 19:45,Machine_3,109.66,Running,Overheat
24/1/24 19:45,Machine_4,165.35,Running,None
24/1/24 19:45,Machine_5,158.74,Running,None
24/1/24 19:45,Machine_6,177.2,Idle,None
24/1/24 19:45,Machine_7,122.37,Running,None
24/1/24 19:45,Machine_8,167.23,Running,None
24/1/24 19:45,Machine_9,164.16,Running,None
24/1/24 19:45,Machine_10,132.01,Running,None
24/1/24 20:00,Machine_1,167.83,Running,None
24/1/24 20:00,Machine_2,107.82,Running,None
24/1/24 20:00,Machine_3,135.77,Running,None
24/1/24 20:00,Machine_4,190.52,Running,None
24/1/24 20:00,Machine_5,108.05,Idle,None
24/1/24 20:00,Machine_6,165.04,Running,None
24/1/24 20:00,Machine_7,166.27,Running,None
24/1/24 20:00,Machine_8,170.87,Running,None
24/1/24 20:00,Machine_9,191.31,Running,None
24/1/24 20:00,Machine_10,180.12,Running,None
24/1/24 20:15,Machine_1,118.28,Running,None
24/1/24 20:15,Machine_2,191.56,Running,None
24/1/24 20:15,Machine_3,135.67,Running,None
24/1/24 20:15,Machine_4,140.64,Running,None
24/1/24 20:15,Machine_5,156.87,Running,None
24/1/24 20:15,Machine_6,171.67,Running,None
24/1/24 20:15,Machine_7,135.66,Idle,None
24/1/24 20:15,Machine_8,181.12,Running,None
24/1/24 20:15,Machine_9,135.55,Running,None
24/1/24 20:15,Machine_10,199.55,Running,Overheat
24/1/24 20:30,Machine_1,194.71,Running,None
24/1/24 20:30,Machine_2,181.98,Running,None
24/1/24 20:30,Machine_3,119.76,Running,None
24/1/24 20:30,Machine_4,178.78,Running,None
24/1/24 20:30,Machine_5,168.32,Idle,None
24/1/24 20:30,Machine_6,120.18,Idle,None
24/1/24 20:30,Machine_7,107.99,Running,None
24/1/24 20:30,Machine_8,161.83,Running,None
24/1/24 20:30,Machine_9,130.42,Running,None
24/1/24 20:30,Machine_10,141.97,Running,None
24/1/24 20:45,Machine_1,195.95,Running,None
24/1/24 20:45,Machine_2,154.72,Running,None
24/1/24 20:45,Machine_3,152.89,Running,None
24/1/24 20:45,Machine_4,133.56,Running,None
24/1/24 20:45,Machine_5,193.58,Running,None
24/1/24 20:45,Machine_6,118.85,Idle,None
24/1/24 20:45,Machine_7,126.75,Running,None
24/1/24 20:45,Machine_8,186.38,Running,None
24/1/24 20:45,Machine_9,183.53,Running,Vibration High
24/1/24 20:45,Machine_10,145.07,Running,None
24/1/24 21:00,Machine_1,176.02,Running,None
24/1/24 21:00,Machine_2,170.33,Running,None
24/1/24 21:00,Machine_3,116.77,Running,Vibration High
24/1/24 21:00,Machine_4,110.28,Running,None
24/1/24 21:00,Machine_5,132.89,Running,None
24/1/24 21:00,Machine_6,172.27,Running,None
24/1/24 21:00,Machine_7,144.39,Running,None
24/1/24 21:00,Machine_8,191.2,Running,None
24/1/24 21:00,Machine_9,133.27,Running,None
24/1/24 21:00,Machine_10,172.17,Running,None
24/1/24 21:15,Machine_1,166.63,Running,None
24/1/24 21:15,Machine_2,107.74,Running,None
24/1/24 21:15,Machine_3,192.24,Idle,None
24/1/24 21:15,Machine_4,117.38,Running,None
24/1/24 21:15,Machine_5,106.07,Running,None
24/1/24 21:15,Machine_6,104.18,Running,None
24/1/24 21:15,Machine_7,121.18,Running,None
24/1/24 21:15,Machine_8,107.48,Running,None
24/1/24 21:15,Machine_9,193.08,Running,Low Pressure
24/1/24 21:15,Machine_10,165.45,Running,Overheat
24/1/24 21:30,Machine_1,111.75,Running,None
24/1/24 21:30,Machine_2,182.31,Running,None
24/1/24 21:30,Machine_3,158.27,Running,None
24/1/24 21:30,Machine_4,185.48,Running,None
24/1/24 21:30,Machine_5,121.82,Running,None
24/1/24 21:30,Machine_6,125.46,Running,None
24/1/24 21:30,Machine_7,152.98,Running,None
24/1/24 21:30,Machine_8,100.73,Running,None
24/1/24 21:30,Machine_9,160.97,Idle,None
24/1/24 21:30,Machine_10,191.3,Running,Low Pressure
24/1/24 21:45,Machine_1,184.68,Running,None
24/1/24 21:45,Machine_2,126.42,Running,None
24/1/24 21:45,Machine_3,169.69,Running,None
24/1/24 21:45,Machine_4,161.75,Running,None
24/1/24 21:45,Machine_5,181.79,Running,None
24/1/24 21:45,Machine_6,176.13,Running,None
24/1/24 21:45,Machine_7,193.26,Running,None
24/1/24 21:45,Machine_8,119.07,Running,None
24/1/24 21:45,Machine_9,199.7,Running,None
24/1/24 21:45,Machine_10,185.57,Idle,None
24/1/24 22:00,Machine_1,106.51,Running,None
24/1/24 22:00,Machine_2,185.29,Running,None
24/1/24 22:00,Machine_3,174.72,Error,Vibration High
24/1/24 22:00,Machine_4,185.53,Running,None
24/1/24 22:00,Machine_5,149.72,Running,None
24/1/24 22:00,Machine_6,199.67,Running,None
24/1/24 22:00,Machine_7,185.23,Running,None
24/1/24 22:00,Machine_8,187.24,Running,Overheat
24/1/24 22:00,Machine_9,195.67,Running,None
24/1/24 22:00,Machine_10,113.41,Running,None
24/1/24 22:15,Machine_1,159.75,Running,None
24/1/24 22:15,Machine_2,158.41,Running,None
24/1/24 22:15,Machine_3,135.19,Running,None
24/1/24 22:15,Machine_4,107.91,Running,None
24/1/24 22:15,Machine_5,181.87,Running,None
24/1/24 22:15,Machine_6,163.83,Running,None
24/1/24 22:15,Machine_7,115.86,Running,None
24/1/24 22:15,Machine_8,156.47,Running,None
24/1/24 22:15,Machine_9,138.13,Running,None
24/1/24 22:15,Machine_10,194.15,Running,None
24/1/24 22:30,Machine_1,199.11,Running,None
24/1/24 22:30,Machine_2,102.19,Running,None
24/1/24 22:30,Machine_3,108.57,Idle,None
24/1/24 22:30,Machine_4,166,Running,None
24/1/24 22:30,Machine_5,166.61,Running,None
24/1/24 22:30,Machine_6,145.48,Running,Vibration High
24/1/24 22:30,Machine_7,168.97,Running,Vibration High
24/1/24 22:30,Machine_8,144.28,Running,None
24/1/24 22:30,Machine_9,155.9,Running,None
24/1/24 22:30,Machine_10,169.53,Running,None
24/1/24 22:45,Machine_1,160.2,Running,Overheat
24/1/24 22:45,Machine_2,171.27,Running,None
24/1/24 22:45,Machine_3,196.96,Running,None
24/1/24 22:45,Machine_4,172.72,Running,None
24/1/24 22:45,Machine_5,115.21,Running,None
24/1/24 22:45,Machine_6,116.16,Running,Low Pressure
24/1/24 22:45,Machine_7,123.76,Running,None
24/1/24 22:45,Machine_8,110.96,Running,None
24/1/24 22:45,Machine_9,145.46,Running,Vibration High
24/1/24 22:45,Machine_10,149.12,Running,None
24/1/24 23:00,Machine_1,162.15,Running,None
24/1/24 23:00,Machine_2,177.46,Running,None
24/1/24 23:00,Machine_3,155.18,Running,None
24/1/24 23:00,Machine_4,114.76,Running,None
24/1/24 23:00,Machine_5,117.16,Running,None
24/1/24 23:00,Machine_6,169.6,Running,None
24/1/24 23:00,Machine_7,154.92,Error,Overheat
24/1/24 23:00,Machine_8,134.2,Running,None
24/1/24 23:00,Machine_9,193.28,Running,None
24/1/24 23:00,Machine_10,165.34,Running,None
24/1/24 23:15,Machine_1,167.86,Running,None
24/1/24 23:15,Machine_2,147.04,Idle,None
24/1/24 23:15,Machine_3,145.8,Idle,None
24/1/24 23:15,Machine_4,129.37,Running,None
24/1/24 23:15,Machine_5,113.42,Running,None
24/1/24 23:15,Machine_6,110.05,Running,None
24/1/24 23:15,Machine_7,161.26,Running,None
24/1/24 23:15,Machine_8,136.18,Running,Vibration High
24/1/24 23:15,Machine_9,100.64,Running,None
24/1/24 23:15,Machine_10,102.24,Running,None
24/1/24 23:30,Machine_1,191.16,Idle,None
24/1/24 23:30,Machine_2,117.63,Running,None
24/1/24 23:30,Machine_3,163.13,Error,Overheat
24/1/24 23:30,Machine_4,106.51,Running,None
24/1/24 23:30,Machine_5,167.19,Running,None
24/1/24 23:30,Machine_6,178.17,Running,None
24/1/24 23:30,Machine_7,174.44,Running,None
24/1/24 23:30,Machine_8,118.26,Running,None
24/1/24 23:30,Machine_9,199.91,Running,None
24/1/24 23:30,Machine_10,174.32,Running,None
24/1/24 23:45,Machine_1,157.42,Running,None
24/1/24 23:45,Machine_2,109.33,Running,None
24/1/24 23:45,Machine_3,195.19,Running,None
24/1/24 23:45,Machine_4,184.08,Running,None
24/1/24 23:45,Machine_5,159.83,Running,None
24/1/24 23:45,Machine_6,153.56,Running,None
24/1/24 23:45,Machine_7,179.42,Running,None
24/1/24 23:45,Machine_8,118.46,Running,None
24/1/24 23:45,Machine_9,183.5,Running,None
24/1/24 23:45,Machine_10,144.87,Idle,None